"타임스탬프","신의 탑","참교육","뷰티풀 군바리","윈드브레이커","백수세끼","파이게임","장씨세가 호위무사","여신강림","용사가 돌아왔다","바른연애 길잡이","한림체육관","블랙 위도우","엽총소년","하루만 네가 되고 싶어","복학왕","헬퍼 2 : 킬베로스","전지적 독자 시점","모죠의 일지","튜토리얼 탑의 고인물","급식아빠","캐슬","더 복서","연애혁명","기기괴괴","나노마신","묵시의 인플루언서","이두나!","포식동물","외모지상주의","갓 오브 하이스쿨","데드퀸","죽지 않으려면","1초","개를 낳았다","호랑이형님","프리드로우","취사병 전설이 되다","스퍼맨 : 전하지 못한 이야기","광장","조조코믹스","싸움독학","이번 생도 잘 부탁해","약한영웅","열렙전사","수희0(tngmlek0)","입학용병","투신전생기"
"2021/07/27 3:21:00 오후 GMT+9","10","","6","","8","10","","4","","","7","","","","6","","","","","","","","","10","","10","","","","","10","","10","","10","","7","","","9","","","7","","","",""
"2021/07/27 3:30:48 오후 GMT+9","","","","","5","","","5","","10","","","","","","","","","","","","","","","","","","","","","","","","","","","","","","","","","","","","",""
"2021/07/27 3:30:55 오후 GMT+9","8","","","","","","","","","","","","","","","","","10","","","","","","9","","","","","","6","","","","","","","","","","","5","","","","","",""
"2021/07/27 3:31:19 오후 GMT+9","6","","4","8","4","","","5","","","","9","","9","","","","","","","","","7","8","","","","","4","","","","","","","","","","","","","10","","","","",""
"2021/07/27 3:31:59 오후 GMT+9","10","","","8","","9","","9","","10","","","","10","8","","10","","8","","","","8","","","","9","","5","","","","","10","","","","","","","","10","","","","",""
"2021/07/27 3:33:05 오후 GMT+9","3","1","1","","3","4","","3","","5","","10","","8","1","1","5","9","","","","","","6","","","6","","1","","","","","6","","","","","","4","","7","","","","",""
"2021/07/27 3:34:19 오후 GMT+9","6","","3","8","","","","5","","8","","8","","9","1","","","","","","","","6","9","6","","","","3","","","","","10","","","","","","","","10","","","","",""
"2021/07/27 3:37:55 오후 GMT+9","4","","3","","7","8","","7","","10","","","","","6","7","","8","","","","","9","7","","","","","8","","","","10","","","10","","","","9","10","","","","","",""
"2021/07/27 3:37:56 오후 GMT+9","7","","8","4","7","9","","2","3","","","","","7","1","1","7","9","","","10","10","3","7","","","","","2","4","","","9","","9","3","","","9","","","9","6","","","6",""
"2021/07/27 3:41:04 오후 GMT+9","","","","","","","","6","","","","","","7","","","","","","","","","","","","","","","","","","","9","","","","","","","","","8","","","","",""
"2021/07/27 3:41:53 오후 GMT+9","7","","","","","9","","3","","8","","","","","","","10","","","","","","8","10","","10","5","","","","","","","7","","","","","","","","9","","","","",""
"2021/07/27 3:42:31 오후 GMT+9","9","","","","","8","","5","","10","","","","","7","","","","","","","","","7","","","","","6","","","","","","","8","","","","","9","","","","","",""
"2021/07/27 3:43:58 오후 GMT+9","9","9","4","7","9","","","","","","7","","","","3","6","10","","","","","10","9","8","","","","","9","9","5","","10","","9","9","","","","","10","","10","8","","",""
"2021/07/27 3:47:09 오후 GMT+9","10","","","","","","","8","","10","","","","10","","","10","9","","","","","9","10","","","","","","","","","","","","","","","","","","9","","","","",""
"2021/07/27 3:47:35 오후 GMT+9","5","5","6","5","5","5","5","6","5","7","5","5","5","5","5","5","5","5","5","5","5","5","7","5","5","5","6","5","6","5","5","5","5","6","5","5","5","5","5","5","5","5","5","5","5","5","5"
"2021/07/27 3:47:44 오후 GMT+9","8","","","6","","","","4","","","","","","","8","","","","","","","","8","8","","9","7","","4","9","","","","","10","","","","","","","","","","","",""
"2021/07/27 3:50:42 오후 GMT+9","","10","","","10","5","","2","10","","7","","10","10","","","10","10","","8","","10","","10","10","","9","","2","","6","10","10","10","","","10","","","","9","10","","","","7",""
"2021/07/27 3:51:21 오후 GMT+9","8","","9","8","","","","8","","10","","10","","10","","","10","10","","","","","10","","","","10","","5","","","","","10","","9","","","","","","10","7","","","",""
"2021/07/27 3:52:56 오후 GMT+9","5","7","5","5","5","5","5","6","4","9","4","4","4","7","5","4","4","4","4","4","4","4","8","5","4","4","5","4","5","4","4","4","5","4","4","5","4","4","4","4","7","9","4","4","4","4","4"
"2021/07/27 3:53:13 오후 GMT+9","8","8","6","8","","","","6","","8","","","","10","","","7","","9","","","9","5","6","","","9","","7","7","","","","","","4","","8","","","","10","","","","",""
"2021/07/27 3:55:58 오후 GMT+9","10","10","5","4","5","5","5","3","5","5","10","4","5","5","3","1","10","5","5","10","10","10","7","9","5","5","5","5","10","1","10","10","5","5","10","7","5","5","10","6","10","5","8","5","5","5","6"
"2021/07/27 3:56:13 오후 GMT+9","8","","","","8","","","3","","","","","","","","","","10","","","","","7","7","","","6","","3","","","","7","","","","","","","","","","","","","",""
"2021/07/27 4:02:34 오후 GMT+9","5","6","5","5","6","6","5","4","6","8","5","4","10","10","4","5","10","5","10","10","5","10","10","10","5","5","5","5","5","5","10","5","5","5","10","5","5","5","5","5","5","5","5","10","5","5","5"
"2021/07/27 4:04:09 오후 GMT+9","5","5","3","3","3","4","4","3","5","6","5","6","6","6","1","5","5","6","5","5","6","5","9","5","5","5","5","5","3","5","5","5","5","5","5","6","6","5","5","5","5","5","5","5","5","6","5"
"2021/07/27 4:06:58 오후 GMT+9","","","","","","","","","","","","","","","","","","","","","","7","","8","7","","8","","","","","","","","","","","","","","","","","","","",""
"2021/07/27 4:08:02 오후 GMT+9","7","3","7","","2","7","","2","5","7","5","","","","6","4","","","2","2","","8","5","6","6","6","","","4","4","","3","5","7","","","3","","","8","5","","4","","","2","2"
"2021/07/27 4:08:07 오후 GMT+9","","","","10","","","","6","","10","","","","","4","","","","","7","","","4","5","","","8","","6","","","","","","","8","","","","","","10","","","6","",""
"2021/07/27 4:15:18 오후 GMT+9","2","2","4","7","2","5","2","2","3","2","2","2","2","2","1","1","9","8","1","1","1","6","1","1","1","2","8","1","1","1","2","1","2","1","2","2","2","2","8","2","7","9","8","6","1","1","2"
"2021/07/27 4:19:18 오후 GMT+9","6","10","10","2","1","1","1","1","2","","","","","","","","","","","","","","","","","","","","","","","","","","","","","","","","","","","","","",""
"2021/07/27 4:21:28 오후 GMT+9","5","1","1","1","1","2","10","1","1","10","1","1","2","8","1","2","10","10","1","1","1","1","1","5","1","1","1","1","1","1","1","1","10","7","2","1","1","1","1","1","1","3","1","1","1","1","1"
"2021/07/27 4:21:36 오후 GMT+9","6","8","3","6","","7","8","5","5","","","","9","","5","4","7","","8","5","10","6","8","","9","","7","","","9","8","","9","","10","6","6","8","8","","","","","9","","",""
"2021/07/27 4:23:49 오후 GMT+9","6","7","9","6","5","6","5","6","5","10","5","5","5","10","5","5","8","5","5","5","5","9","9","5","5","5","6","5","4","5","5","5","9","8","5","5","5","5","5","5","8","10","6","5","5","5","5"
"2021/07/27 4:27:52 오후 GMT+9","10","","","","","","10","7","","10","","","","10","","","","9","","","","","7","","","","9","","","","","","","9","","9","","","","","","9","","","","",""
"2021/07/27 4:29:18 오후 GMT+9","","","","","8","","","3","2","10","","","10","","2","","10","","","6","","","5","","","","9","","5","7","","","","","10","","","","","","8","","","10","","6",""
"2021/07/27 4:31:30 오후 GMT+9","4","","7","","","","","1","","3","","","","","2","","","9","","1","","","1","","","","7","","1","3","","","7","9","3","1","6","8","","6","","6","","","","",""
"2021/07/27 4:37:53 오후 GMT+9","","","","","","","","8","","9","","","","","","","","","","","","","8","","","","","","","","","","","","","","","","","","","8","","","","",""
"2021/07/27 4:39:32 오후 GMT+9","8","","6","","","","","4","","","","","","10","","","","","","","","","","8","","","","","4","","","","","","","","","","","","","","","","","",""
"2021/07/27 4:41:10 오후 GMT+9","","","","7","","9","","","6","10","","","9","","","","","","","","","","4","9","","","","8","3","","","","5","7","","","","","","","","5","","","","",""
"2021/07/27 4:59:51 오후 GMT+9","","8","","","","","","4","","8","","","","8","","","7","","","","","","6","","","","","","","","","","","","","","","","","","8","9","","","","",""
"2021/07/27 5:00:42 오후 GMT+9","","","1","","8","","","6","","10","","","","","","","","10","","","","","7","","","","","","","","","","","8","","","","","","","","10","","","","",""
"2021/07/27 5:08:10 오후 GMT+9","10","","9","8","","","","","","9","","","","","","","9","","","","","8","8","7","8","","","","7","8","","","","","10","7","","","","","","","","9","","",""
"2021/07/27 5:08:23 오후 GMT+9","","","","","6","","","7","","10","","","","10","","","10","","8","","","","8","","","","","","","","","","","9","","","","","","","","9","","","","",""
"2021/07/27 5:08:43 오후 GMT+9","10","","3","","","","","","","","","","","","","","","","","","","","7","8","","","","","","","","","","","","","","","","","","","","","","",""
"2021/07/27 5:24:57 오후 GMT+9","8","10","10","8","5","5","5","6","5","10","5","5","10","10","6","5","10","10","5","8","5","5","8","7","5","5","8","5","8","7","5","5","6","9","6","8","5","5","5","9","8","10","8","5","9","5","5"
"2021/07/27 5:40:27 오후 GMT+9","6","","","9","","","","7","8","9","","","","","","","","","","","","","6","","","","","","","","","","","","","8","","","","","","","","","","",""
"2021/07/27 5:42:23 오후 GMT+9","10","","","","","","","","","","","","","","5","2","","10","","","","","10","10","","","","","5","","","","","","10","9","","","","","","","","","","",""
"2021/07/27 5:51:40 오후 GMT+9","2","","1","","","","6","","","","","","","10","","","8","10","","","","","","","","","","","","3","","","8","","","","","","","","","10","","","","",""
"2021/07/27 5:53:10 오후 GMT+9","8","8","9","10","10","9","9","8","9","9","10","9","10","","6","8","10","7","10","9","7","7","10","6","9","7","8","10","10","10","10","7","10","10","9","9","10","10","8","6","8","9","7","8","8","8","9"
"2021/07/27 6:15:44 오후 GMT+9","","","","","","","","","","","","","","","","","","","","","","","","","","","","","","","","","","","","","","","","","","9","","","","",""
"2021/07/27 6:31:35 오후 GMT+9","1","2","1","1","3","1","3","1","1","1","1","1","1","1","1","1","1","4","1","1","1","1","3","1","1","2","1","1","2","1","3","1","1","2","1","1","1","1","1","2","1","1","1","1","1","1","1"
"2021/07/27 6:33:19 오후 GMT+9","5","","","4","","","","3","","10","","","","10","","","","","","","","","5","","","","","","3","5","","","","8","","4","8","","","","","8","","","","",""
"2021/07/27 6:33:30 오후 GMT+9","8","5","","9","7","8","7","7","","10","8","7","9","10","5","10","8","","","","","7","1","10","9","9","","9","4","7","","","","","8","9","","9","","10","8","10","7","6","6","",""
"2021/07/27 7:21:22 오후 GMT+9","","","","","","","","3","","8","","","","10","","","","","","","","","3","10","","","8","","8","6","","","","10","","","10","","","","8","","","","","",""
"2021/07/27 7:49:56 오후 GMT+9","","","","","","","","2","","6","","","","","2","","","","","","","","","10","","","","","6","","","","","","","5","","10","","","","","","","","",""
"2021/07/27 8:11:00 오후 GMT+9","","","","","","","","3","","","","","","10","","","","","","","","","2","9","","","","","6","","","","","10","","","","","","","","","","","","",""
"2021/07/28 10:44:00 오전 GMT+9","9","","9","","","","","7","","9","","","","9","5","","10","10","","","","","9","9","","","8","","5","","10","","","","","7","","","","9","8","10","","","","",""